id,name,address,phone
2000,Elizabeth Allen,"1415 Dogwood St, Amity",690-409-9871
2001,Joseph Hall,"1415 Dogwood St, Amity",547-603-8286
2002,James Martinez,"789 Oak St, Shelbyville",575-708-9713
2003,Jennifer Garcia,"789 Oak St, Shelbyville",397-179-9307
2004,Elizabeth Allen,"808 Fir St, Sunnydale",664-117-6258
2005,James Martinez,"1112 Cypress St, Mayberry",853-137-4245
2006,Patricia Lewis,"1516 Magnolia St, Storybrooke",852-558-7950
2007,Patricia Lewis,"404 Cedar St, Gotham",685-889-1810
2008,Christopher Wright,"789 Oak St, Shelbyville",760-599-5815
2009,Patricia Lewis,"1819 Hickory St, Haddonfield",747-102-5509
2010,Linda Wilson,"1819 Hickory St, Haddonfield",564-905-1514
2011,Susan Hernandez,"789 Oak St, Shelbyville",639-679-7638
2012,James Martinez,"606 Cherry St, Emerald City",797-138-4053
2013,David Jones,"789 Oak St, Shelbyville",266-269-8342
2014,Susan Hernandez,"202 Maple St, Hill Valley",562-241-6494
2015,Christopher Wright,"505 Walnut St, Metropolis",102-958-7771
2016,Linda Wilson,"1516 Magnolia St, Storybrooke",996-254-6654
2017,Mary King,"505 Walnut St, Metropolis",526-737-1100
2018,Thomas Young,"1718 Sequoia St, Springfield",970-401-6999
2019,Charles Lee,"505 Walnut St, Metropolis",824-107-7212
2020,Jennifer Garcia,"909 Willow St, Pawnee",954-570-1673
2021,Jane Doe,"606 Cherry St, Emerald City",481-694-8946
2022,Patricia Lewis,"505 Walnut St, Metropolis",470-201-5679
2023,Michael Brown,"1314 Poplar St, Twin Peaks",356-158-7335
2024,Mary King,"789 Oak St, Shelbyville",196-881-7204
2025,Thomas Young,"789 Oak St, Shelbyville",598-394-1460
2026,Robert Johnson,"1001 Palm St, Hawkins",684-977-1379
2027,Elizabeth Allen,"1112 Cypress St, Mayberry",923-659-6835
2028,Christopher Wright,"101 Pine St, Centerville",509-426-5086
2029,Robert Johnson,"1819 Hickory St, Haddonfield",145-380-9734
2030,Jane Doe,"404 Cedar St, Gotham",647-176-5416
2031,Joseph Hall,"789 Oak St, Shelbyville",365-318-1778
2032,Patricia Lewis,"1314 Poplar St, Twin Peaks",407-905-4269
2033,Michael Brown,"789 Oak St, Shelbyville",685-341-7714
2034,Linda Wilson,"1718 Sequoia St, Springfield",458-426-1778
2035,Charles Lee,"909 Willow St, Pawnee",134-794-2255
2036,Elizabeth Allen,"606 Cherry St, Emerald City",584-454-6782
2037,John Smith,"1415 Dogwood St, Amity",565-912-6322
2038,Elizabeth Allen,"404 Cedar St, Gotham",645-864-3387
2039,Barbara Walker,"1516 Magnolia St, Storybrooke",848-297-7067
2040,Michael Brown,"909 Willow St, Pawnee",762-310-3107
2041,James Martinez,"1001 Palm St, Hawkins",661-343-2822
2042,Linda Wilson,"1001 Palm St, Hawkins",799-271-3321
2043,Barbara Walker,"303 Birch St, Smallville",502-312-1160
2044,Robert Johnson,"123 Main St, Springfield",867-541-9404
2045,Elizabeth Allen,"1819 Hickory St, Haddonfield",110-858-9316
2046,Barbara Walker,"1112 Cypress St, Mayberry",649-713-3589
2047,Nancy Scott,"1112 Cypress St, Mayberry",655-568-7252
2048,Charles Lee,"606 Cherry St, Emerald City",358-776-7943
2049,James Martinez,"1112 Cypress St, Mayberry",902-401-4810
2050,Christopher Wright,"808 Fir St, Sunnydale",668-241-3762
2051,Christopher Wright,"707 Aspen St, Stars Hollow",330-407-2096
2052,Patricia Lewis,"707 Aspen St, Stars Hollow",617-112-2406
2053,Linda Wilson,"808 Fir St, Sunnydale",265-155-5080
2054,Barbara Walker,"1314 Poplar St, Twin Peaks",916-599-3967
2055,Michael Brown,"1516 Magnolia St, Storybrooke",569-243-3093
2056,Robert Johnson,"101 Pine St, Centerville",496-957-1795
2057,James Martinez,"505 Walnut St, Metropolis",511-824-3007
2058,Emily Davis,"1314 Poplar St, Twin Peaks",188-703-8286
2059,Robert Johnson,"909 Willow St, Pawnee",164-352-6176
2060,Charles Lee,"123 Main St, Springfield",987-530-3604
2061,Robert Johnson,"456 Elm St, Riverdale",300-257-3941
2062,James Martinez,"1617 Redwood St, Eureka",201-960-6408
2063,John Smith,"404 Cedar St, Gotham",943-673-2907
2064,Nancy Scott,"1819 Hickory St, Haddonfield",326-999-7869
2065,Barbara Walker,"1314 Poplar St, Twin Peaks",277-583-5162
2066,Michael Brown,"123 Main St, Springfield",606-552-1065
2067,Mary King,"404 Cedar St, Gotham",497-501-5377
2068,Patricia Lewis,"1415 Dogwood St, Amity",155-831-3330
2069,Jane Doe,"1516 Magnolia St, Storybrooke",778-698-5844
2070,Michael Brown,"789 Oak St, Shelbyville",429-458-1419
2071,William Clark,"1617 Redwood St, Eureka",527-804-2761
2072,Jane Doe,"1819 Hickory St, Haddonfield",774-978-8063
2073,Jane Doe,"1415 Dogwood St, Amity",406-842-8240
2074,Joseph Hall,"1718 Sequoia St, Springfield",860-449-4918
2075,Michael Brown,"202 Maple St, Hill Valley",713-782-7713
2076,Joseph Hall,"1314 Poplar St, Twin Peaks",385-828-9009
2077,Charles Lee,"1516 Magnolia St, Storybrooke",755-745-2520
2078,Patricia Lewis,"1001 Palm St, Hawkins",704-763-6333
2079,Michael Brown,"303 Birch St, Smallville",734-163-5545
2080,James Martinez,"123 Main St, Springfield",777-155-8120
2081,Elizabeth Allen,"1314 Poplar St, Twin Peaks",655-483-9947
2082,Jennifer Garcia,"404 Cedar St, Gotham",795-208-5171
2083,Barbara Walker,"707 Aspen St, Stars Hollow",442-523-3072
2084,Emily Davis,"1314 Poplar St, Twin Peaks",136-172-7876
2085,John Smith,"789 Oak St, Shelbyville",501-209-9812
2086,Linda Wilson,"789 Oak St, Shelbyville",355-476-8235
2087,Michael Brown,"707 Aspen St, Stars Hollow",120-791-7012
2088,Patricia Lewis,"808 Fir St, Sunnydale",347-496-3533
2089,Barbara Walker,"1819 Hickory St, Haddonfield",823-111-7088
2090,Susan Hernandez,"1617 Redwood St, Eureka",763-287-2462
2091,Joseph Hall,"303 Birch St, Smallville",223-438-7991
2092,Robert Johnson,"202 Maple St, Hill Valley",947-588-5106
2093,Nancy Scott,"404 Cedar St, Gotham",639-205-6991
2094,Christopher Wright,"606 Cherry St, Emerald City",318-837-8679
2095,Christopher Wright,"789 Oak St, Shelbyville",612-611-4600
2096,Jennifer Garcia,"1617 Redwood St, Eureka",778-636-7614
2097,Emily Davis,"1415 Dogwood St, Amity",397-954-5335
2098,Thomas Young,"1718 Sequoia St, Springfield",580-693-7785
2099,Thomas Young,"404 Cedar St, Gotham",955-809-7803
